cat1,hex
King County,#79706E
Age,#F16913
Big cities,#28A9C5
Birthing person's age,#F16913
Birthing person's detailed race/ethnicity,#30BCAD
Birthing person's education,#D4A6C8
Birthing person's ethnicity,#30BCAD
Birthing person's race,#027B8E
Children in household,#993366
Child's race/ethnicity,#027B8E
Cities/neighborhoods,#28A9C5
Detailed Asian race/ethnicity,#30BCAD
Disability,#55AD56
Education,#D4A6C8
Employment,#D4A6C8
English learner,#8C2D04
Ethnicity,#30BCAD
Foster care,#F498B6
Free lunch,#77559E
Gender,#F8B620
Grade,#F16913
Grade level,#F16913
Homeless,#993366
Household income,#7A0177
Migrant,#30BCAD
Military Service,#A27099
Nativity,#95CECF
Neighborhood poverty,#7A0177
NonSeattle,#2C7BB6
Poverty,#77559E
Race,#027B8E
Race/ethnicity,#027B8E
Region,#2C7BB6
Regions,#2C7BB6
School district,#2C7BB6
Sexual orientation,#FFDA66
Special education,#55AD56
Transgender,#17BECF
Zip code,#28A9C5
